GLK-Class,Mercedes-Benz,2011,3542
GTI,Volkswagen,2008,2895
LeSabre,Buick,1997,1872
Dakota,Dodge,2003,4120
E-Class,Mercedes-Benz,2009,4546
Xtra,Toyota,1995,4305
MDX,Acura,2005,2890
LX,Lexus,2003,5808
Somerset,Buick,1987,2541
Rodeo,Isuzu,1999,4284
3500,Chevrolet,1992,3752
Topaz,Mercury,1993,4753
S6,Audi,2008,2553
Outback Sport,Subaru,2002,3043
Spyder,Maserati,1990,1940
928,Porsche,1987,1103
LS,Lexus,1997,5035
Corvette,Chevrolet,1995,2186
CL-Class,Mercedes-Benz,2007,2401
H2,Hummer,2005,4645
Explorer Sport,Ford,2002,3273
Cabriolet,Volkswagen,2000,3287
5 Series,BMW,2002,5022
S-Class,Mercedes-Benz,1997,4251
Tiguan,Volkswagen,2009,3039
Miata MX-5,Mazda,1997,2405
Escape,Ford,2002,2497
Escalade EXT,Cadillac,2004,5793
Catera,Cadillac,1999,1658
Tercel,Toyota,1998,2000
A4,Audi,2008,5951
Tercel,Toyota,1995,3204
Truck,Mitsubishi,1988,4670
Stanza,Nissan,1992,2273
Versa,Nissan,2010,1954
1000,Pontiac,1984,4680
Taurus,Ford,2007,4737
C-Class,Mercedes-Benz,1998,1266
100,Audi,1993,4429
LX,Lexus,2001,5696
Grand Am,Pontiac,1996,4161
LX,Lexus,2003,5454
E-Series,Ford,1987,3696
XK,Jaguar,2010,2512
X6 M,BMW,2012,4573
Z4 M,BMW,2006,1479
Sorento,Kia,2004,2149
Envoy,GMC,2009,1884
Ranger,Ford,1991,1618
LS,Lexus,2007,2194
G,Infiniti,1999,3467
i-370,Isuzu,2007,4423
Continental Mark VII,Lincoln,1991,4058
Esperante,Panoz,2008,1445
GTI,Volkswagen,1991,3021
S4,Audi,1994,3064
3 Series,BMW,1992,2860
Alcyone SVX,Subaru,1993,1207
Villager,Mercury,1995,2940
Jetta,Volkswagen,1989,1350
Daytona,Dodge,1993,2688
2500,GMC,1999,2221
Impala,Chevrolet,2010,1588
Pajero,Mitsubishi,1999,5893
Optima,Kia,2007,1648
Dakota Club,Dodge,1993,2734
3500,Ram,2011,5632
Gallardo,Lamborghini,2011,4866
Skylark,Buick,1989,1836
Ram 3500,Dodge,1995,4004
100,Audi,1990,1904
Suburban 1500,Chevrolet,2001,3563
911,Porsche,2009,5712
Corvette,Chevrolet,1985,2894
Colt Vista,Plymouth,1993,3506
DeVille,Cadillac,2002,2620
Sonoma,GMC,1998,5700
Sunbird,Pontiac,1994,5718
Ram 3500 Club,Dodge,1997,2239
Discovery Series II,Land Rover,2000,1967
Phantom,Rolls-Royce,2005,4815
XL-7,Suzuki,2008,3889
Century,Buick,1996,2462
QX,Infiniti,1998,4922
Express 1500,Chevrolet,2007,5365
Nubira,Daewoo,2000,4426
Outback,Subaru,2006,3332
Maxima,Nissan,2008,2056
Biturbo,Maserati,1985,3001
M-Class,Mercedes-Benz,2010,5357
Fleetwood,Cadillac,1995,3992
Pathfinder,Nissan,2004,4821
4Runner,Toyota,2007,3570
Type 2,Volkswagen,1986,5185
Corrado,Volkswagen,1990,3628
Avanti,Studebaker,1963,1030
E-Class,Mercedes-Benz,2002,2216
LeBaron,Chrysler,1994,3607
Swift,Suzuki,1993,4857
Prowler,Plymouth,1997,3102
SL-Class,Mercedes-Benz,1986,2806
Sportvan G30,Chevrolet,1993,2794
Safari,GMC,1998,2470
Tiburon,Hyundai,2006,2071
Montana,Pontiac,2000,3110
Caprice,Chevrolet,1992,5598
XK Series,Jaguar,2002,1762
Ram Van B350,Dodge,1992,4907
RAV4,Toyota,1996,1706
Silverado 1500,Chevrolet,2012,5822
2500,GMC,1998,3565
Esperante,Panoz,2005,2673
F350,Ford,2008,1455
300ZX,Nissan,1993,4210
Civic,Honda,2010,2441
R-Class,Mercedes-Benz,2012,3910
3500 Club Coupe,GMC,1993,2765
Expedition,Ford,2008,5942
Corvette,Chevrolet,1963,1083
4Runner,Toyota,1996,1230
Ram Van B350,Dodge,1992,5851
Eldorado,Cadillac,1997,2905
Excel,Mitsubishi,1988,2962
Q,Infiniti,1993,1828
Silverado,Chevrolet,2010,4353
Patriot,Jeep,2009,1227
300ZX,Nissan,1994,3322
Hombre,Isuzu,2000,4835
IS,Lexus,2006,2740
XC70,Volvo,2009,4522
Civic,Honda,2006,4342
GTO,Mitsubishi,1993,2077
S10 Blazer,Chevrolet,1994,3406
CTS,Cadillac,2004,4063
Discovery,Land Rover,2010,2606
750,BMW,2006,2561
Discovery,Land Rover,2007,4817
Avenger,Dodge,1996,5535
Thunderbird,Ford,1994,5095
Allante,Cadillac,1993,4309
Prizm,Geo,1992,2603
Envoy,GMC,2004,1117
Montana,Pontiac,2003,3024
Silverado 3500,Chevrolet,2003,4837
Explorer Sport,Ford,2001,1211
Cougar,Mercury,1967,5072
GTO,Pontiac,1970,4885
Range Rover,Land Rover,2011,5333
Discovery,Land Rover,1995,5698
Volt,Chevrolet,2012,5066
A4,Audi,2011,2774
Cougar,Mercury,1988,4137
M3,BMW,1995,2934
Ram 1500,Dodge,2008,5130
XJ Series,Jaguar,1992,5477
LeMans,Pontiac,1965,3531
Gallardo,Lamborghini,2003,1510
Altima,Nissan,2008,4438
Malibu,Chevrolet,2001,5597
Corvette,Chevrolet,1998,5512
Century,Buick,1985,1626
Mustang,Ford,1990,3557
SC,Lexus,2007,2681
Wrangler,Jeep,1998,3825
Ram Van 1500,Dodge,2000,5739
Caravan,Dodge,1992,2276
Grand Marquis,Mercury,2004,2004
APV,Chevrolet,1992,4934
Esperante,Panoz,2007,2767
E-Class,Mercedes-Benz,1987,4347
XJ,Jaguar,2011,5865
Neon,Dodge,2005,4364
9-7X,Saab,2006,5968
Voyager,Chrysler,2002,5633
Ram 2500,Dodge,1996,5148
Voyager,Plymouth,1992,2090
Countach,Lamborghini,1985,2376
Corolla,Toyota,2012,1328
Tribute,Mazda,2009,4300
NSX,Acura,1995,1342
QX,Infiniti,2009,4885
Town & Country,Chrysler,1994,5084
GTI,Volkswagen,1992,5122
M5,BMW,2003,2216
Neon,Dodge,1995,1459
E-Series,Ford,2010,2540
GS,Lexus,2008,5497
Town Car,Lincoln,1984,4883
tC,Scion,2012,2017
MX-5,Mazda,1993,1529
Silhouette,Oldsmobile,2004,2880
Caliber,Dodge,2008,2812
Scirocco,Volkswagen,1984,4517
Firefly,Pontiac,1989,4514
Terraza,Buick,2007,5511
164,Alfa Romeo,1993,1238
XJ Series,Jaguar,1994,2067
600,BMW,1957,2987
Five Hundred,Ford,2007,2989
Jimmy,GMC,1993,5809
Ram 3500,Dodge,2001,4059
V70,Volvo,1998,3996
5000S,Audi,1985,3598
Focus,Ford,2004,3353
STS,Cadillac,2011,2714
SJ,Suzuki,1989,3254
Aveo,Chevrolet,2006,3732
Savana 2500,GMC,2003,5099
Tundra,Toyota,2012,5251
Golf,Volkswagen,2000,1422
Taurus,Ford,2011,2535
Explorer Sport,Ford,2002,2058
Dakota,Dodge,1998,3150
Ram 2500,Dodge,2008,5374
Electra,Buick,1989,3646
LS,Lexus,2002,5339
A6,Audi,2002,5704
7 Series,BMW,2003,2037
Cougar,Mercury,2002,2885
62,Maybach,2011,3362
Journey,Dodge,2011,4137
Pathfinder,Nissan,2002,3669
Sentra,Nissan,2005,1447
Skylark,Buick,1988,3670
Mini,Austin,1959,3376
Outlook,Saturn,2010,5633
Spectra,Kia,2002,2397
Chariot,Mitsubishi,1989,5309
rio,Volkswagen,1998,4017
GS,Lexus,2001,3070
X5 M,BMW,2012,2631
Rio,Kia,2004,2352
9000,Saab,1997,2537
LeMans,Pontiac,1991,5482
Achieva,Oldsmobile,1998,5869
Mazdaspeed 3,Mazda,2009,2014
JX,Infiniti,2013,5604
Quest,Nissan,2001,4730
Stealth,Dodge,1992,4677
323,Mazda,1994,5281
G,Infiniti,2012,1422
Tredia,Mitsubishi,1984,3638
Q,Infiniti,2005,5815
XLR-V,Cadillac,2009,5853
Taurus,Ford,2006,2064
Venture,Chevrolet,2002,4147
RS4,Audi,2008,5039
Savana 3500,GMC,2010,2645
Civic,Honda,2002,5208
CX-7,Mazda,2010,5491
TundraMax,Toyota,2011,3503
F250,Ford,1997,2496
NSX,Acura,1996,1539
Galant,Mitsubishi,1994,4074
Cooper,MINI,2008,3618
Seville,Cadillac,1993,4330
Econoline E350,Ford,1993,4613
Cabriolet,Audi,1997,2806
XK Series,Jaguar,2004,1196
E-Class,Mercedes-Benz,1995,5782
ES,Lexus,2005,2542
Taurus,Ford,2001,1179
6 Series,BMW,2005,2762
Armada,Nissan,2007,1103
Astra,Saturn,2008,2597
Escalade EXT,Cadillac,2009,5022
E-Class,Mercedes-Benz,1985,3339
Sidekick,Suzuki,1991,1033
GLK-Class,Mercedes-Benz,2010,5612
XL-7,Suzuki,2002,5500
RDX,Acura,2007,5563
ES,Lexus,1994,4725
Sebring,Chrysler,2010,2889
Colorado,Chevrolet,2005,2031
Frontier,Nissan,2009,4649
Pilot,Honda,2005,4774
E150,Ford,2009,2340
S80,Volvo,2012,4563
Fox,Volkswagen,1991,5814
300D,Mercedes-Benz,1992,2243
Leone,Subaru,1987,4496
Silverado,Chevrolet,2011,3116
Sonoma,GMC,1996,2851
Regal,Buick,1985,4857
Corvette,Chevrolet,1975,2570
7 Series,BMW,2000,3519
Neon,Dodge,2005,1767
Wrangler,Jeep,1993,4743
Cherokee,Jeep,1996,4102
TL,Acura,1999,5861
Firefly,Pontiac,1995,4907
Gran Sport,Maserati,2006,2059
W201,Mercedes-Benz,1988,2296
Concorde,Chrysler,2004,1758
Civic,Honda,2000,1956
CL-Class,Mercedes-Benz,2004,4062
Acadia,GMC,2009,2712
G-Series 1500,Chevrolet,1996,3480
Yukon,GMC,2001,3170
GTI,Volkswagen,2008,2774
Aveo,Chevrolet,2007,4228
Grand Prix,Pontiac,1982,1465
B-Series Plus,Mazda,1999,5133
VS Commodore,Holden,1995,2905
Firebird,Pontiac,1986,5633
Cayman,Porsche,2007,1130
Expo,Mitsubishi,1992,1835
RS 6,Audi,2003,5189
Silhouette,Oldsmobile,1994,2048
Camry,Toyota,2000,4490
Terrain,GMC,2010,5135
C8,Spyker,2005,2623
A4,Audi,2003,4431
940,Volvo,1994,3280
Trans Sport,Pontiac,1990,2492
SLS-Class,Mercedes-Benz,2012,4758
Taurus,Ford,1998,2867
DeVille,Cadillac,2001,1853
Fleetwood,Cadillac,1993,3983
Azure,Bentley,2006,4914
M-Class,Mercedes-Benz,2011,5902
Highlander,Toyota,2001,3748
745,BMW,2005,4841
SJ,Suzuki,1993,1747
Reventón,Lamborghini,2008,4693
Fiesta,Ford,2013,2783
S-Class,Mercedes-Benz,2003,1947
Firebird,Pontiac,2000,1718
900,Saab,1990,3417
M3,BMW,2011,3574
Festiva,Ford,1989,5400
Firebird,Pontiac,1992,4697
Wrangler,Jeep,2003,4398
Express 2500,Chevrolet,2004,2491
4Runner,Toyota,1992,4922
Venture,Chevrolet,1997,2070
Altima,Nissan,1998,1116
E150,Ford,2011,5551
3 Series,BMW,2007,3400
Astra,Saturn,2009,4398
S-Type,Jaguar,2004,3915
Camry Hybrid,Toyota,2008,1366
Century,Buick,1998,4019
ES,Lexus,1996,3198
RX,Lexus,2004,5664
Cooper Clubman,MINI,2011,3392
VUE,Saturn,2007,3571
Breeze,Plymouth,1997,1723
4000CS Quattro,Audi,1987,1946
Optima,Kia,2012,1855
Q,Infiniti,2002,1715
Rodeo,Isuzu,2002,5271
A6,Audi,2007,4469
Sequoia,Toyota,2008,1174
S2000,Honda,2002,2680
Exige,Lotus,2012,2317
Probe,Ford,1989,5017
Camaro,Chevrolet,1968,5220
Achieva,Oldsmobile,1998,5276
A8,Audi,2005,4863
Z3,BMW,1998,3893
Mazda5,Mazda,2010,1796
Mariner,Mercury,2011,1991
Grand Marquis,Mercury,2005,4117
Cayenne,Porsche,2009,3853
Suburban 2500,Chevrolet,2008,4685
Grand Cherokee,Jeep,1995,4452
Pajero,Mitsubishi,1990,2234
Spirit,Dodge,1994,4592
928,Porsche,1985,5134
RL,Acura,2009,5725
Sierra 3500,GMC,2001,4028
90,Audi,1988,3136
Impreza,Subaru,2002,3602
Sierra 1500,GMC,2011,4567
LS,Lexus,2011,4843
Econoline E150,Ford,1999,1708
Camaro,Chevrolet,1996,2767
Quattro,Audi,1993,4967
Outback,Subaru,2012,3091
Sunfire,Pontiac,2005,2538
Outback,Subaru,2002,5744
Grand Marquis,Mercury,1998,2064
RX Hybrid,Lexus,2008,2159
GranSport,Maserati,2005,4008
Galant,Mitsubishi,1997,5920
xB,Scion,2009,5576
Grand Cherokee,Jeep,2012,3949
Sky,Saturn,2007,4599
G-Class,Mercedes-Benz,2002,4472
Town Car,Lincoln,1990,2788
C-Class,Mercedes-Benz,1994,2780
Nubira,Daewoo,1999,5047
Pajero,Mitsubishi,2004,4493
9-3,Saab,2004,2701
3 Series,BMW,2010,4207
Caravan,Dodge,1994,4365
Monte Carlo,Chevrolet,1996,1924
H1,Hummer,2000,5438
L300,Mitsubishi,1987,1178
Civic,Honda,1999,4103
Ram 1500,Dodge,2004,2754
NSX,Acura,2000,2798
G,Infiniti,2002,2771
90,Audi,1989,2570
Riviera,Buick,1988,5798
Tribute,Mazda,2008,5130
C-Class,Mercedes-Benz,2009,4638
ZX2,Ford,2001,5220
Topaz,Mercury,1984,1496
B-Series Plus,Mazda,1995,5194
Thunderbird,Ford,1955,4263
MPV,Mazda,1996,3275
Range Rover,Land Rover,2006,2735
Expedition EL,Ford,2011,3312
Pajero,Mitsubishi,1996,3443
D150 Club,Dodge,1992,3149
LS,Lexus,2005,2050
Ram 1500,Dodge,2004,3096
Lanos,Daewoo,1999,4209
Gran Sport,Maserati,2006,2366
5 Series,BMW,2008,2969
SC,Lexus,2004,4705
C70,Volvo,2009,1947
Monterey,Mercury,2004,1027
Ram 1500,Dodge,2005,3364
Bravada,Oldsmobile,2001,4520
Range Rover,Land Rover,1999,4742
900,Saab,1998,1930
MDX,Acura,2012,2129
Malibu,Chevrolet,2008,5116
Metro,Geo,1993,1249
Previa,Toyota,1993,4357
Camry,Toyota,1999,5668
Truck,Mitsubishi,1990,3020
929,Mazda,1987,5023
Impala,Chevrolet,2006,2293
Chariot,Mitsubishi,1993,1893
Wrangler,Jeep,2012,5130
Thunderbird,Ford,2006,5734
Regal,Buick,2011,5226
XK Series,Jaguar,2003,3163
Type 2,Volkswagen,1986,1070
Acclaim,Plymouth,1995,3923
Toronado,Oldsmobile,1966,4305
Lancer Evolution,Mitsubishi,2002,5713
Rendezvous,Buick,2005,5818
Concorde,Chrysler,2000,2716
Blazer,Chevrolet,1997,3367
Sequoia,Toyota,2009,1279
Sierra 3500,GMC,2001,3881
Panamera,Porsche,2013,3875
Roadster,Tesla,2012,4069
Montero,Mitsubishi,2000,1372
Mirage,Mitsubishi,2000,5470
7 Series,BMW,2002,5457
Aspire,Ford,1997,5397
SLK-Class,Mercedes-Benz,2012,3258
Envoy XUV,GMC,2005,5588
Monterey,Mercury,2005,5259
Ram 1500 Club,Dodge,1995,2554
RDX,Acura,2008,2488
GLC,Mazda,1984,1244
Trooper,Isuzu,1994,3598
H1,Hummer,1994,3780
Ram 1500,Dodge,2007,5271
Tacoma,Toyota,2007,3411
S-Series,Saturn,1998,4004
Pilot,Honda,2005,2420
Astro,Chevrolet,2002,5421
Grand Voyager,Plymouth,1999,1196
530,BMW,2006,5692
Cavalier,Chevrolet,1993,5298
Escape,Ford,2003,5859
Yukon XL 1500,GMC,2003,4974
Mountaineer,Mercury,2002,5925
Explorer Sport Trac,Ford,2006,2229
GTI,Volkswagen,2011,3221
Dakota Club,Dodge,1994,3346
Avalanche,Chevrolet,2007,3917
Soul,Kia,2010,3776
New Beetle,Volkswagen,2008,5739
Cougar,Mercury,1997,3876
Eclipse,Mitsubishi,1999,3931
Grand Marquis,Mercury,1995,3718
Accord,Honda,2005,4001
Town Car,Lincoln,1989,2086
CR-V,Honda,2010,2319
Odyssey,Honda,2003,5731
Grand Prix,Pontiac,1990,3477
S-Class,Mercedes-Benz,1984,2971
M-Class,Mercedes-Benz,2011,1440
Seville,Cadillac,1992,3986
Yukon XL 2500,GMC,2008,5735
Continental,Lincoln,1991,5563
Ascender,Isuzu,2007,4408
3 Series,BMW,2001,2965
Tundra,Toyota,2006,3018
Azure,Bentley,2007,3378
Stratus,Dodge,2000,1198
Topaz,Mercury,1991,3141
Cavalier,Chevrolet,1993,5713
SLK-Class,Mercedes-Benz,2005,1959
Escalade EXT,Cadillac,2008,5767
SC,Lexus,1997,4122
900,Saab,1988,3242
NSX,Acura,2002,5707
M5,BMW,2003,3747
Jimmy,GMC,1993,2694
Amigo,Isuzu,1998,1529
Truck,Mitsubishi,1985,5150
Comanche,Jeep,1992,5817
Santa Fe,Hyundai,2011,1859
Corolla,Toyota,2009,2849
Escalade,Cadillac,2003,5081
Ram Van 1500,Dodge,2003,2991
Escape,Ford,2002,5806
Mazdaspeed 3,Mazda,2009,4350
Trans Sport,Pontiac,1999,5859
Pathfinder Armada,Nissan,2004,3563
Yukon XL 2500,GMC,2011,4239
FX,Infiniti,2004,5002
XC90,Volvo,2004,2455
xD,Scion,2009,5580
Tempo,Ford,1994,5355
S90,Volvo,1998,5872
G37,Infiniti,2008,1822
Cabriolet,Volkswagen,2000,3162
E150,Ford,2008,3884
7 Series,BMW,1995,1069
riolet,Volkswagen,1992,3727
Charger,Dodge,2008,1171
Prius,Toyota,2011,4711
4Runner,Toyota,2003,4448
SLS-Class,Mercedes-Benz,2011,4596
Legend,Acura,1995,5446
Odyssey,Honda,1996,1306
Sportvan G30,Chevrolet,1992,2792
Millenia,Mazda,1995,1922
X6 M,BMW,2012,2721
Touareg,Volkswagen,2010,5942
Avalanche 2500,Chevrolet,2004,4559
S6,Audi,2003,3514
Trans Sport,Pontiac,1991,2538
Cobalt,Chevrolet,2009,5779
B-Series,Mazda,1988,4894
Discovery,Land Rover,2010,2029
Raider,Mitsubishi,2008,5087
C-Class,Mercedes-Benz,1999,4339
3 Series,BMW,1993,3958
F430,Ferrari,2007,1547
M Roadster,BMW,2007,1587
Prowler,Plymouth,2000,4481
S10 Blazer,Chevrolet,1992,5305
Equinox,Chevrolet,2012,3111
Town & Country,Chrysler,1996,4032
R-Class,Mercedes-Benz,2006,2520
Outlander,Mitsubishi,2012,1786
RSX,Acura,2004,3189
Caravan,Dodge,2009,4579
Grand Marquis,Mercury,1990,4750
B-Series,Mazda,1998,2831
SL-Class,Mercedes-Benz,1990,2576
TL,Acura,2005,2656
Malibu,Chevrolet,2000,5902
Sunfire,Pontiac,2005,1572
Silverado 1500,Chevrolet,2006,5664
Corvair 500,Chevrolet,1963,4828
X5,BMW,2007,4961
X3,BMW,2004,5617
Murciélago,Lamborghini,2007,2535
Q5,Audi,2010,2809
Metro,Geo,1996,2635
Tahoe,Chevrolet,2001,4690
Camry,Toyota,2010,3854
Grand Prix,Pontiac,1969,3677
Escalade EXT,Cadillac,2004,1737
Mountaineer,Mercury,2001,4096
F450,Ford,2009,5141
Silverado 3500,Chevrolet,2005,2461
Entourage,Hyundai,2008,2544
Lynx,Mercury,1985,1679
Intrepid,Dodge,1998,3012
Land Cruiser,Toyota,1996,3485
626,Mazda,1989,2835
Mazda6,Mazda,2004,2306
HHR,Chevrolet,2008,3887
Mariner,Mercury,2011,3629
TSX,Acura,2007,3442
Tracker,Geo,1994,4278
GS,Lexus,2007,4127
Firebird,Pontiac,1998,1229
F250,Ford,2011,5855
Focus,Ford,2003,5944
Firebird,Pontiac,1998,1370
Yukon,GMC,1998,5703
Mark VII,Lincoln,1992,2352
Grand Voyager,Chrysler,2000,1697
GTI,Volkswagen,1996,1998
Charger,Dodge,2009,1528
4Runner,Toyota,2006,3151
Santa Fe,Hyundai,2003,2925
C-Class,Mercedes-Benz,2005,3472
E-Class,Mercedes-Benz,1988,2498
Safari,GMC,2000,4057
New Beetle,Volkswagen,2002,1004
Aerostar,Ford,1993,4804
330,BMW,2005,4572
Continental Flying Spur,Bentley,2009,2005
MX-5,Mazda,1998,2563
M,Infiniti,2004,5027
Grand Caravan,Dodge,2000,4911
Legend,Acura,1989,1548
MX-6,Mazda,1996,1789
MX-6,Mazda,1997,3949
Sorento,Kia,2013,1645
Insight,Honda,2005,5890
Topaz,Mercury,1991,4025
Ranger,Ford,2000,3252
Xterra,Nissan,2000,4766
Malibu Maxx,Chevrolet,2006,3979
Safari,GMC,2000,3345
Ipsum,Toyota,2000,4197
S40,Volvo,2000,2983
Aspen,Chrysler,2009,3761
9000,Saab,1990,3818
X-Type,Jaguar,2007,3077
760,BMW,2004,3495
MX-3,Mazda,1995,3898
Titan,Nissan,2004,3177
Metro,Geo,1995,3140
LTD Crown Victoria,Ford,1987,1610
300ZX,Nissan,1992,3917
Ram 2500,Dodge,2010,2170
Taurus,Ford,2007,2287
Truck,Mitsubishi,1989,4614
Escalade EXT,Cadillac,2012,5260
Cherokee,Jeep,2001,2007
Mighty Max,Mitsubishi,1993,5124
S-Class,Mercedes-Benz,2006,1062
Titan,Nissan,2011,1219
Cougar,Mercury,1991,1840
Golf,Volkswagen,1976,1269
924 S,Porsche,1987,5386
Prelude,Honda,1997,3202
Mark VII,Lincoln,1984,2173
MX-5,Mazda,2000,5675
Ram 2500,Dodge,1995,5255
Grand Caravan,Dodge,1998,2400
Focus ST,Ford,2013,2824
XJ,Jaguar,2012,3572
Terraza,Buick,2007,3821
Ranger,Ford,1992,2958
Expedition EL,Ford,2011,4276
Golf,Volkswagen,2004,3430
Lumina,Chevrolet,1996,5965
Topaz,Mercury,1988,4635
Voyager,Chrysler,2003,1757
S-Series,Saturn,2000,2232
Firefly,Pontiac,1990,4767
RX,Lexus,2011,2129
MPV,Mazda,2002,3228
Metro,Geo,1992,5802
G-Class,Mercedes-Benz,2012,2446
VUE,Saturn,2009,1156
Legacy,Subaru,1990,4998
RL,Acura,2004,2693
Armada,Nissan,2005,5505
VUE,Saturn,2007,5972
SL-Class,Mercedes-Benz,2004,1564
Titan,Nissan,2008,4012
Malibu,Chevrolet,2006,4238
Sunfire,Pontiac,2003,3586
Express 3500,Chevrolet,2012,3901
Montana,Pontiac,2004,1723
CR-V,Honda,2004,2332
Mazda6,Mazda,2009,1930
SLR McLaren,Mercedes-Benz,2008,2069
Thunderbird,Ford,1977,5229
900,Saab,1999,3331
SL-Class,Mercedes-Benz,2009,4745
Cabriolet,Volkswagen,1999,5195
Challenger,Dodge,2009,2164
9-7X,Saab,2008,4325
T100,Toyota,1995,3750
5 Series,BMW,1999,2184
GT-R,Nissan,2010,4750
MPV,Mazda,1991,1187
C30,Volvo,2008,1615
Durango,Dodge,2000,5170
Savana 2500,GMC,2006,1817
Lancer Evolution,Mitsubishi,2008,1695
V50,Volvo,2010,4450
626,Mazda,2000,4885
Grand Vitara,Suzuki,2008,3582
CTS,Cadillac,2007,5759
GTO,Mitsubishi,1998,3726
Sonoma,GMC,2002,5709
Uplander,Chevrolet,2007,1833
CR-V,Honda,2003,2985
G3,Pontiac,2010,5222
Legend,Acura,1993,5993
Suburban 1500,Chevrolet,1994,1922
Special,Buick,1962,5451
Ram Van 1500,Dodge,1997,3184
SC,Lexus,1996,5667
Insight,Honda,2012,4053
MKX,Lincoln,2012,4372
Camaro,Chevrolet,1968,2774
NV1500,Nissan,2012,3117
Transit Connect,Ford,2011,3474
Town Car,Lincoln,1986,5529
tC,Scion,2006,3506
Rio,Kia,2004,5922
2500,Chevrolet,2000,4883
A6,Audi,2010,1162
B-Series,Mazda,1996,2790
Accent,Hyundai,1999,5662
Escape,Ford,2004,5539
Navajo,Mazda,1993,4355
H2,Hummer,2009,5257
Eldorado,Cadillac,1993,3915
Prizm,Geo,1995,1523
Aurora,Oldsmobile,2001,1687
Cutlass Cruiser,Oldsmobile,1994,3575
Xterra,Nissan,2008,2884
M-Class,Mercedes-Benz,2003,4953
Tundra,Toyota,2012,4011
Caprice,Chevrolet,1996,4866
QX,Infiniti,2004,3887
Supra,Toyota,1998,5143
GS,Lexus,2005,4839
Sonata,Hyundai,2012,5095
Elantra,Hyundai,2006,2852
S6,Audi,2003,1971
GTO,Pontiac,1974,3203
Excel,Hyundai,1993,5127
Quest,Nissan,2002,1480
Mustang,Ford,1966,2973
M,BMW,2001,4736
B-Series,Mazda,1988,3395
Aerostar,Ford,1991,2233
Topaz,Mercury,1992,3310
F-Series,Ford,2010,5210
900,Saab,1984,5126
Laser,Ford,1988,1816
Expo,Mitsubishi,1993,5676
Lynx,Mercury,1985,4333
RL,Acura,2002,1929
Sentra,Nissan,1994,4262
Grand Prix,Pontiac,1984,5184
H3,Hummer,2008,4237
3 Series,BMW,1992,5677
Avalanche,Chevrolet,2010,3462
Aspen,Chrysler,2007,2777
Escalade ESV,Cadillac,2008,1810
GX,Lexus,2007,1523
Highlander,Toyota,2009,4120
LX,Lexus,1996,4799
Range Rover,Land Rover,1994,4948
A8,Audi,2006,1630
Highlander,Toyota,2011,2960
Z4,BMW,2008,1423
M6,BMW,2006,3939
Bonneville,Pontiac,1966,5889
Silverado 1500,Chevrolet,2002,1057
Tahoe,Chevrolet,2000,4743
5000S,Audi,1985,3708
9-3,Saab,2012,1047
Exige,Lotus,2007,3616
Dakota Club,Dodge,1995,5882
QX,Infiniti,2002,4005
Impala,Chevrolet,2007,5821
Leone,Subaru,1986,4338
F-Series,Ford,1989,4727
Discovery,Land Rover,1994,5402
Summit,Eagle,1992,5335
928,Porsche,1987,2877
LeSabre,Buick,1992,4913
NV1500,Nissan,2012,2087
Probe,Ford,1994,4176
xB,Scion,2006,4755
Civic,Honda,2006,2886
Safari,Pontiac,1987,5925
ES,Lexus,1994,3142
Amigo,Isuzu,1993,3843
Previa,Toyota,1991,2166
G-Series G20,Chevrolet,1993,4175
Sundance,Plymouth,1992,5910
Veloster,Hyundai,2012,1437
760,BMW,2005,2925
300M,Chrysler,2001,1972
Defender,Land Rover,1992,1307
Elantra,Hyundai,2004,4930
Cougar,Mercury,1990,2633
MKX,Lincoln,2013,1943
Sportage,Kia,2002,5012
Odyssey,Honda,1998,5341
Escape,Ford,2010,3619
Escalade,Cadillac,2012,2296
J,Infiniti,1996,3090
Galaxie,Ford,1966,3968
Accord,Honda,2003,3106
A4,Audi,2000,2413
Eos,Volkswagen,2008,4713
Navigator,Lincoln,1999,1267
tC,Scion,2009,1617
Azera,Hyundai,2008,4709
Th!nk,Ford,2002,4990
Prowler,Plymouth,1999,3301
Freelander,Land Rover,2009,4678
Riviera,Buick,1991,5070
Escape,Ford,2013,2789
Range Rover,Land Rover,1988,4000
S-Series,Saturn,1995,4745
Grand Prix,Pontiac,2007,1367
Sonata,Hyundai,2003,5345
rio,Volkswagen,1998,5161
Jetta,Volkswagen,2008,1642
RX-7,Mazda,1987,2178
Altima,Nissan,1996,2640
B-Series,Mazda,2006,1031
Corvette,Chevrolet,2002,4242
Cooper,MINI,2008,1325
Sportage,Kia,1998,5341
XJ Series,Jaguar,2005,4395
Lancer,Mitsubishi,2010,5353
Crown Victoria,Ford,1999,1662
1 Series,BMW,2012,4387
MPV,Mazda,1989,3071
Grand Prix,Pontiac,1964,2512
Regal,Buick,2012,3353
E-Class,Mercedes-Benz,2011,3430
Tundra,Toyota,2002,4125
E250,Ford,1984,4696
ES,Lexus,1995,4116
Voyager,Plymouth,1996,4217
Trooper,Isuzu,1997,5339
Grand Caravan,Dodge,2012,2860
Highlander,Toyota,2001,1436
Cavalier,Chevrolet,2005,4143
Passport,Honda,1996,2736
Corvette,Chevrolet,1997,1298
Optima,Kia,2003,1382
Grand Am,Pontiac,1995,4496
Roadster,Tesla,2012,2535
Forester,Subaru,2008,2745
Dakota,Dodge,1993,2204
LeMans,Pontiac,1968,1351
Yukon,GMC,2009,2693
Raider,Mitsubishi,2009,4177
Savana 2500,GMC,1996,3647
E-Series,Ford,1990,2384
5000S,Audi,1985,4711
IS-F,Lexus,2008,3168
E-Series,Ford,2009,2143
TrailBlazer,Chevrolet,2004,1105
Sierra,GMC,2011,3098
Accent,Hyundai,2002,3733
Rogue,Nissan,2010,2869
A5,Audi,2011,3221
X-90,Suzuki,1996,2043
Eclipse,Mitsubishi,1992,2973
Prizm,Chevrolet,2000,5167
M-Class,Mercedes-Benz,1999,1887
Esperante,Panoz,2006,1201
Cayenne,Porsche,2011,2567
Sierra 2500,GMC,2006,5897
Eldorado,Cadillac,1999,4512
88,Oldsmobile,1997,1690
CR-V,Honda,1999,3746
Rodeo,Isuzu,1993,5923
Eos,Volkswagen,2010,3266
Elan,Lotus,1993,3643
Aries,Dodge,1981,4056
Mustang,Ford,1993,4988
R-Class,Mercedes-Benz,2006,1003
Sorento,Kia,2006,4323
HHR,Chevrolet,2007,1847
Acadia,GMC,2010,3321
F-Series,Ford,1991,5670
Tundra,Toyota,2010,2375
S-Series,Saturn,1992,2858
SLX,Acura,1996,4710
Volt,Chevrolet,2011,1355
Jetta,Volkswagen,2007,4848
6 Series,BMW,2007,5591
Continental Mark VII,Lincoln,1992,1367
Typ-1,Aptera,2008,4852
612 Scaglietti,Ferrari,2007,4311
Venza,Toyota,2010,2102
Quest,Nissan,1999,3623
Vision,Eagle,1993,2912
Somerset,Buick,1986,4329
Land Cruiser,Toyota,1995,1692
Ghost,Rolls-Royce,2010,1731
Miata MX-5,Mazda,1997,5483
626,Mazda,1998,1277
LeMans,Pontiac,1989,5867
Grand Vitara,Suzuki,2009,2491
Virage,Aston Martin,2012,3237
Eclipse,Mitsubishi,2011,1990
Suburban 2500,Chevrolet,2012,2174
Edge,Ford,2011,1386
xB,Scion,2004,5874
RSX,Acura,2006,1247
Town & Country,Chrysler,2011,2894
300CE,Mercedes-Benz,1992,2663
Escort,Ford,1990,4270
Explorer,Ford,1995,4571
E-Class,Mercedes-Benz,1999,5463
7 Series,BMW,1996,5730
Pajero,Mitsubishi,1995,2646
A5,Audi,2008,5821
C-Class,Mercedes-Benz,2007,3531
Defender 90,Land Rover,1995,4388
Altima,Nissan,2013,2028
Sierra 1500,GMC,2004,4533
Dakota,Dodge,1998,3326
Monterey,Mercury,2006,4774
Accord,Honda,1999,2846
626,Mazda,2001,4524
Roadster,Tesla,2011,5182
Yukon,GMC,1996,3123
Freelander,Land Rover,2002,1696
3500,Ram,2012,2170
Mirage,Mitsubishi,2002,4854
626,Mazda,2000,2449
STS,Cadillac,2005,4059
545,BMW,2005,2357
Sable,Mercury,1994,5893
Range Rover Sport,Land Rover,2009,1110
X5 M,BMW,2011,3365
NSX,Acura,2004,3459
Cabriolet,Volkswagen,2002,1487
Metro,Geo,1994,4220
Aerostar,Ford,1997,4791
Sienna,Toyota,2009,1852
Caprice,Chevrolet,1995,2368
Vantage,Aston Martin,2006,1194
R32,Volkswagen,2004,1668
A6,Audi,2002,5637
Taurus,Ford,1993,5834
Caprice,Chevrolet,1994,2239
Passport,Honda,1994,4546
Flex,Ford,2011,5858
Forester,Subaru,2005,1489
Titan,Nissan,2007,4350
Cabriolet,Audi,1998,2210
Mustang,Ford,2007,1759
Regal,Buick,2003,5920
Excursion,Ford,2001,5372
Explorer,Ford,2001,4967
G6,Pontiac,2007,4629
GTI,Volkswagen,1989,3252
Rally Wagon 3500,GMC,1993,5201
Viper,Dodge,1996,4035
Loyale,Subaru,1992,3569
New Beetle,Volkswagen,2001,3124
MR2,Toyota,2000,3048
Golf,Volkswagen,1987,2113
Grand Vitara,Suzuki,2003,5762
Contour,Ford,1997,2337
F-Series,Ford,1989,4148
Elan,Lotus,1990,5853
Esteem,Suzuki,2001,3170
Montero Sport,Mitsubishi,2002,5140
Navigator L,Lincoln,2010,4795
MDX,Acura,2002,4095
E-Class,Mercedes-Benz,2006,3448
300SL,Mercedes-Benz,1992,5790
Rabbit,Volkswagen,2007,1558
Durango,Dodge,2008,3908
Festiva,Ford,1989,5000
X-Type,Jaguar,2004,5242
Edge,Ford,2008,1014
Grand Cherokee,Jeep,1998,4181
F250,Ford,1994,3193
Savana 1500,GMC,2012,5824
Viper RT/10,Dodge,1994,3249
Gemini,Pontiac,1989,4668
S40,Volvo,2009,4802
Cabriolet,Volkswagen,1998,3272
Challenger,Mitsubishi,2003,3931
Grand Cherokee,Jeep,1997,4597
Rabbit,Volkswagen,2006,5601
Bravada,Oldsmobile,1998,1207
Daewoo Lacetti,Suzuki,2006,2844
Genesis Coupe,Hyundai,2010,4751
Explorer Sport Trac,Ford,2006,2927
Prizm,Geo,1997,3376
M5,BMW,2003,5763
E-Series,Ford,2002,4874
Ramcharger,Dodge,1992,1491
Continental,Lincoln,1997,3911
F150,Ford,1996,4252
300SD,Mercedes-Benz,1992,4103
Voyager,Plymouth,1985,3685
R-Class,Mercedes-Benz,2008,1769
Caravan,Dodge,2012,2924
